{"cameraMode":{"drawMode":0,"name":"Shaded","section":"Shading Mode"},"sceneLighting":false,"audioPlay":false,"sceneViewState":{"m_AlwaysRefresh":false,"showFog":true,"showSkybox":true,"showFlares":true,"showImageEffects":true,"showParticleSystems":true,"showVisualEffectGraphs":true,"m_FxEnabled":true},"in2DMode":false,"pivot":{"x":-25.436511993408204,"y":-0.3421178460121155,"z":40.871131896972659},"rotation":{"x":-0.1476154327392578,"y":0.21423403918743134,"z":-0.03278864175081253,"w":-0.9649049639701843},"size":40.285865783691409,"orthographic":false}